,date,hour,device_make,platform_os,experiment,yes,no
2,2020-07-05,2,4,6,1,0,1
16,2020-07-04,16,13,6,1,1,0
20,2020-07-06,8,13,6,1,0,1
23,2020-07-08,4,43,6,0,1,0
27,2020-07-03,15,13,6,0,0,1
39,2020-07-10,2,13,6,1,0,1
45,2020-07-03,15,13,6,0,1,0
46,2020-07-05,6,19,6,1,0,1
48,2020-07-03,15,13,6,0,0,1
56,2020-07-03,14,13,6,1,0,1
62,2020-07-03,15,24,6,0,0,1
65,2020-07-09,13,65,6,1,1,0
80,2020-07-09,20,25,6,1,0,1
89,2020-07-05,6,13,6,1,1,0
95,2020-07-08,20,13,6,1,0,1
99,2020-07-06,2,87,6,0,0,1
100,2020-07-04,16,13,6,0,1,0
101,2020-07-03,15,42,6,0,0,1
109,2020-07-09,8,13,6,1,0,1
118,2020-07-09,20,64,6,0,1,0
128,2020-07-04,11,76,6,1,1,0
135,2020-07-05,19,13,6,1,0,1
141,2020-07-10,5,13,6,1,0,1
144,2020-07-05,2,13,6,1,1,0
157,2020-07-07,15,13,6,0,1,0
160,2020-07-03,15,72,6,0,0,1
162,2020-07-03,15,5,6,0,1,0
192,2020-07-09,1,13,6,1,1,0
201,2020-07-08,18,13,6,0,1,0
223,2020-07-05,0,13,6,1,0,1
225,2020-07-09,20,66,6,1,0,1
226,2020-07-04,19,13,6,0,1,0
240,2020-07-08,22,13,6,0,0,1
241,2020-07-08,20,13,6,1,1,0
244,2020-07-08,6,13,6,1,1,0
249,2020-07-03,15,13,6,0,1,0
253,2020-07-05,19,13,6,0,0,1
258,2020-07-05,6,68,6,1,0,1
259,2020-07-07,3,94,6,1,0,1
267,2020-07-10,15,13,6,1,1,0
282,2020-07-08,20,13,6,1,1,0
292,2020-07-08,20,13,6,1,1,0
299,2020-07-09,19,103,6,1,0,1
300,2020-07-03,15,13,6,0,0,1
301,2020-07-08,21,13,6,1,1,0
305,2020-07-05,21,13,6,1,1,0
310,2020-07-05,10,68,6,0,1,0
323,2020-07-04,5,68,6,1,0,1
335,2020-07-03,15,13,6,0,0,1
352,2020-07-08,14,13,6,0,1,0
355,2020-07-08,22,13,6,1,0,1
356,2020-07-06,8,54,6,0,0,1
357,2020-07-03,15,43,6,0,1,0
358,2020-07-08,21,47,6,1,1,0
362,2020-07-03,15,21,6,0,1,0
366,2020-07-08,21,13,6,1,0,1
393,2020-07-04,0,46,6,1,1,0
401,2020-07-05,3,13,6,1,1,0
404,2020-07-10,16,13,6,1,0,1
415,2020-07-10,2,66,6,1,0,1
418,2020-07-03,15,66,6,0,1,0
422,2020-07-03,15,1,6,0,0,1
430,2020-07-08,16,13,6,1,1,0
434,2020-07-09,2,13,6,0,0,1
438,2020-07-03,15,13,6,0,1,0
439,2020-07-09,0,54,6,1,0,1
447,2020-07-09,14,13,6,1,0,1
466,2020-07-03,15,33,6,0,0,1
471,2020-07-09,8,13,6,1,0,1
475,2020-07-03,15,72,6,0,0,1
484,2020-07-09,6,48,6,1,1,0
486,2020-07-03,15,13,6,0,0,1
488,2020-07-03,15,68,6,0,1,0
510,2020-07-03,15,13,6,0,0,1
514,2020-07-05,0,13,6,0,1,0
527,2020-07-09,12,13,6,0,1,0
529,2020-07-05,15,13,6,0,0,1
549,2020-07-09,14,13,6,1,1,0
554,2020-07-10,12,13,6,0,0,1
556,2020-07-04,21,54,6,0,0,1
558,2020-07-08,22,66,6,0,1,0
559,2020-07-03,10,13,6,1,0,1
563,2020-07-07,3,13,6,0,1,0
564,2020-07-10,13,72,6,0,1,0
587,2020-07-03,8,44,6,1,1,0
633,2020-07-10,2,51,6,0,0,1
637,2020-07-10,9,13,6,0,0,1
642,2020-07-03,15,64,6,0,1,0
650,2020-07-08,17,13,6,1,0,1
652,2020-07-03,9,13,6,1,1,0
653,2020-07-03,15,13,6,0,0,1
654,2020-07-08,15,13,6,1,1,0
658,2020-07-09,15,13,6,0,0,1
663,2020-07-03,0,13,6,1,0,1
668,2020-07-10,17,13,6,1,1,0
671,2020-07-03,15,13,6,0,1,0
682,2020-07-03,15,13,6,0,0,1
685,2020-07-05,10,13,6,0,0,1
689,2020-07-09,16,13,6,1,0,1
698,2020-07-10,12,13,6,1,0,1
701,2020-07-09,19,13,6,1,1,0
717,2020-07-03,15,56,6,0,1,0
718,2020-07-04,9,13,6,1,1,0
726,2020-07-03,15,81,6,0,0,1
728,2020-07-05,11,13,6,1,0,1
738,2020-07-10,5,13,6,0,1,0
751,2020-07-03,15,29,6,0,1,0
759,2020-07-03,15,13,6,0,0,1
762,2020-07-03,15,40,6,0,0,1
763,2020-07-04,10,13,6,1,0,1
764,2020-07-03,15,81,6,0,1,0
766,2020-07-09,6,19,6,1,0,1
771,2020-07-10,5,25,6,1,0,1
775,2020-07-09,19,14,6,1,0,1
781,2020-07-04,16,88,6,1,1,0
783,2020-07-03,15,13,6,0,1,0
787,2020-07-03,1,13,6,1,0,1
794,2020-07-03,19,114,6,0,0,1
797,2020-07-07,8,13,6,0,0,1
798,2020-07-10,15,61,6,1,1,0
799,2020-07-03,12,104,6,1,0,1
801,2020-07-03,15,111,6,0,0,1
802,2020-07-05,19,13,6,1,0,1
806,2020-07-09,14,13,6,0,0,1
823,2020-07-03,15,13,6,0,1,0
833,2020-07-04,9,13,6,1,0,1
837,2020-07-06,0,33,6,1,1,0
838,2020-07-06,7,76,6,1,0,1
839,2020-07-08,17,13,6,1,1,0
846,2020-07-06,8,51,6,0,0,1
862,2020-07-09,10,13,6,0,0,1
878,2020-07-06,3,13,6,1,0,1
879,2020-07-06,3,26,6,0,1,0
880,2020-07-08,20,13,6,1,0,1
893,2020-07-07,16,33,6,0,0,1
896,2020-07-08,5,6,6,1,0,1
901,2020-07-03,15,18,6,0,0,1
909,2020-07-03,15,43,6,0,0,1
929,2020-07-07,23,13,6,1,1,0
934,2020-07-08,20,13,6,0,0,1
945,2020-07-08,17,67,6,1,0,1
952,2020-07-05,8,13,6,1,0,1
976,2020-07-08,7,58,6,1,0,1
997,2020-07-08,16,13,6,0,1,0
1005,2020-07-03,15,13,6,0,1,0
1007,2020-07-05,22,51,6,1,0,1
1014,2020-07-04,16,13,6,1,1,0
1019,2020-07-09,2,66,6,1,1,0
1038,2020-07-03,15,66,6,0,1,0
1042,2020-07-04,16,61,6,1,0,1
1045,2020-07-09,13,13,6,1,0,1
1047,2020-07-07,20,47,6,1,1,0
1054,2020-07-05,4,13,6,0,1,0
1057,2020-07-09,8,13,6,1,1,0
1064,2020-07-04,14,68,6,1,1,0
1067,2020-07-04,8,27,6,1,1,0
1070,2020-07-08,16,13,6,1,0,1
1072,2020-07-03,15,13,6,0,0,1
1090,2020-07-10,0,13,6,1,1,0
1097,2020-07-03,8,114,5,1,0,1
1111,2020-07-03,15,13,6,0,0,1
1115,2020-07-05,4,68,6,0,0,1
1117,2020-07-04,15,64,6,0,0,1
1119,2020-07-06,1,48,6,1,1,0
1133,2020-07-04,3,86,6,0,1,0
1138,2020-07-03,6,27,6,1,1,0
1142,2020-07-03,15,73,6,0,1,0
1152,2020-07-04,16,13,6,1,1,0
1161,2020-07-03,15,103,6,0,0,1
1167,2020-07-03,15,13,6,0,1,0
1171,2020-07-10,15,13,6,0,1,0
1180,2020-07-05,13,69,6,1,1,0
1186,2020-07-03,7,22,6,1,0,1
1190,2020-07-10,16,13,6,0,1,0
1196,2020-07-09,9,13,6,1,0,1
1226,2020-07-09,13,27,6,1,1,0
1231,2020-07-03,15,13,6,0,0,1
1235,2020-07-09,5,13,6,1,1,0
1236,2020-07-05,7,13,6,1,0,1
1239,2020-07-04,2,13,6,1,0,1
1252,2020-07-04,6,13,6,1,1,0
1255,2020-07-03,15,64,6,0,1,0
1260,2020-07-09,22,13,6,1,1,0
1271,2020-07-03,2,26,6,1,0,1
1272,2020-07-08,18,66,6,1,0,1
1285,2020-07-03,15,13,6,0,1,0
1286,2020-07-03,15,13,6,0,1,0
1309,2020-07-05,4,23,6,1,0,1
1312,2020-07-10,7,66,6,0,0,1
1319,2020-07-07,20,13,6,0,1,0
1373,2020-07-08,18,62,6,1,1,0
1376,2020-07-09,15,46,6,0,0,1
1378,2020-07-10,2,27,6,1,0,1
1386,2020-07-03,15,2,6,0,0,1
1396,2020-07-10,9,13,6,1,0,1
1408,2020-07-09,6,13,6,0,1,0
1418,2020-07-09,22,13,6,0,1,0
1429,2020-07-03,15,83,6,0,0,1
1433,2020-07-10,11,41,6,1,1,0
1435,2020-07-10,9,66,6,0,0,1
1437,2020-07-08,20,13,6,1,1,0
1450,2020-07-05,5,13,6,0,0,1
1459,2020-07-09,18,13,6,0,0,1
1470,2020-07-03,15,71,6,0,0,1
1475,2020-07-05,16,13,6,1,0,1
1492,2020-07-09,6,13,6,1,0,1
1497,2020-07-10,9,13,6,0,1,0
1498,2020-07-06,8,13,6,0,1,0
1514,2020-07-03,15,13,6,0,0,1
1516,2020-07-09,7,77,6,1,1,0
1519,2020-07-09,3,13,6,1,1,0
1521,2020-07-03,15,65,6,0,1,0
1522,2020-07-03,10,13,6,1,1,0
1529,2020-07-04,14,13,6,1,1,0
1540,2020-07-03,15,72,6,0,0,1
1560,2020-07-08,15,104,6,1,0,1
1571,2020-07-03,15,54,6,0,0,1
1578,2020-07-06,8,13,6,1,1,0
1580,2020-07-08,17,21,6,1,1,0
1587,2020-07-10,1,13,6,1,0,1
1591,2020-07-03,15,54,6,0,1,0
1595,2020-07-03,15,36,6,0,1,0
1616,2020-07-05,8,90,6,1,1,0
1624,2020-07-04,3,13,6,0,0,1
1632,2020-07-08,19,13,6,0,0,1
1637,2020-07-08,15,13,6,1,1,0
1639,2020-07-07,11,13,6,1,0,1
1641,2020-07-09,9,13,6,1,1,0
1664,2020-07-09,14,13,6,1,1,0
1678,2020-07-04,9,13,6,0,0,1
1684,2020-07-04,6,13,6,0,0,1
1685,2020-07-04,2,13,6,0,1,0
1689,2020-07-10,3,13,6,0,0,1
1709,2020-07-09,13,13,6,1,0,1
1710,2020-07-05,12,13,6,1,0,1
1727,2020-07-08,19,68,6,1,1,0
1728,2020-07-07,6,13,6,0,0,1
1750,2020-07-03,15,13,6,0,1,0
1754,2020-07-07,20,94,6,1,0,1
1763,2020-07-10,6,13,6,0,1,0
1766,2020-07-05,15,66,6,1,1,0
1768,2020-07-04,19,13,6,1,1,0
1782,2020-07-03,9,13,6,1,1,0
1783,2020-07-09,11,13,6,1,0,1
1788,2020-07-06,2,13,6,0,0,1
1795,2020-07-10,1,17,6,1,0,1
1796,2020-07-05,8,60,6,0,0,1
1806,2020-07-06,3,13,6,1,0,1
1815,2020-07-07,3,82,6,0,0,1
1832,2020-07-08,18,13,6,0,0,1
1835,2020-07-08,16,42,6,1,0,1
1840,2020-07-08,18,13,6,0,0,1
1841,2020-07-08,15,13,6,1,0,1
1845,2020-07-03,15,55,6,0,1,0
1846,2020-07-10,0,26,6,0,1,0
1862,2020-07-09,4,73,6,1,0,1
1867,2020-07-03,0,13,6,1,0,1
1871,2020-07-05,5,13,6,0,0,1
1872,2020-07-10,6,5,6,1,1,0
1879,2020-07-06,1,13,6,1,0,1
1880,2020-07-03,7,13,6,1,0,1
1881,2020-07-04,14,13,6,0,0,1
1884,2020-07-06,3,71,6,1,1,0
1893,2020-07-03,7,13,6,1,0,1
1894,2020-07-03,1,81,6,1,0,1
1907,2020-07-09,10,13,6,1,1,0
1915,2020-07-04,7,13,6,1,0,1
1935,2020-07-09,10,19,6,0,0,1
1943,2020-07-03,15,33,6,0,1,0
1952,2020-07-09,8,13,6,0,0,1
1966,2020-07-10,10,12,6,0,0,1
1967,2020-07-03,10,72,6,1,0,1
1972,2020-07-05,10,13,6,0,1,0
1977,2020-07-10,8,73,6,1,1,0
1978,2020-07-03,15,13,6,0,1,0
1979,2020-07-03,15,66,6,0,1,0
1988,2020-07-05,18,79,6,0,0,1
1990,2020-07-04,20,71,6,0,1,0
1994,2020-07-05,17,13,6,1,0,1
2004,2020-07-04,14,13,6,1,1,0
2018,2020-07-07,10,13,6,0,0,1
2020,2020-07-09,8,13,6,1,0,1
2022,2020-07-09,6,68,6,1,1,0
2040,2020-07-08,7,13,6,0,0,1
2046,2020-07-09,21,113,6,1,1,0
2051,2020-07-08,13,13,6,1,1,0
2054,2020-07-04,8,13,6,0,1,0
2057,2020-07-09,5,13,6,1,0,1
2068,2020-07-08,19,13,6,1,0,1
2077,2020-07-09,14,13,6,0,0,1
2083,2020-07-05,5,13,6,0,0,1
2087,2020-07-09,6,13,6,1,1,0
2092,2020-07-04,13,66,6,1,0,1
2115,2020-07-09,11,13,6,0,1,0
2116,2020-07-03,15,13,6,0,1,0
2123,2020-07-09,18,68,6,1,1,0
2125,2020-07-04,10,13,6,1,1,0
2126,2020-07-08,20,85,6,1,0,1
2134,2020-07-05,10,13,6,1,0,1
2139,2020-07-04,8,110,6,0,0,1
2145,2020-07-08,18,13,6,1,0,1
2172,2020-07-03,9,13,6,1,0,1
2183,2020-07-06,9,13,6,1,0,1
2184,2020-07-10,3,13,6,1,0,1
2187,2020-07-10,12,1,6,0,1,0
2197,2020-07-07,8,67,6,0,1,0
2233,2020-07-08,15,39,6,1,0,1
2236,2020-07-09,19,97,6,0,0,1
2238,2020-07-10,6,72,6,0,1,0
2239,2020-07-04,2,13,6,1,0,1
2253,2020-07-06,7,68,6,1,0,1
2256,2020-07-07,10,13,6,0,1,0
2263,2020-07-04,16,65,6,1,0,1
2270,2020-07-08,21,21,6,0,1,0
2277,2020-07-03,15,13,6,0,0,1
2286,2020-07-09,12,42,6,0,0,1
2287,2020-07-05,12,13,6,1,0,1
2306,2020-07-10,2,13,6,0,1,0
2333,2020-07-03,15,13,6,0,0,1
2346,2020-07-03,10,87,6,1,1,0
2347,2020-07-03,15,13,6,0,0,1
2357,2020-07-03,15,13,6,0,1,0
2361,2020-07-03,15,13,6,0,0,1
2363,2020-07-08,2,13,6,0,0,1
2364,2020-07-07,2,13,6,1,0,1
2367,2020-07-09,8,13,6,1,0,1
2383,2020-07-07,17,75,6,1,0,1
2386,2020-07-03,15,1,6,0,1,0
2387,2020-07-04,8,13,6,1,0,1
2400,2020-07-08,16,13,6,1,0,1
2409,2020-07-10,4,13,6,0,1,0
2416,2020-07-09,4,26,6,0,0,1
2417,2020-07-09,10,65,6,1,0,1
2421,2020-07-03,15,78,6,0,1,0
2427,2020-07-05,7,21,6,1,0,1
2428,2020-07-08,21,47,6,0,1,0
2440,2020-07-03,15,47,6,0,1,0
2453,2020-07-09,15,13,6,1,0,1
2456,2020-07-03,10,73,6,1,0,1
2457,2020-07-03,15,13,6,0,1,0
2465,2020-07-05,0,13,6,1,1,0
2476,2020-07-09,0,13,6,0,0,1
2477,2020-07-09,0,13,6,1,0,1
2481,2020-07-10,11,13,6,1,0,1
2485,2020-07-08,16,13,6,1,1,0
2487,2020-07-10,5,43,6,0,0,1
2488,2020-07-04,4,13,6,1,0,1
2490,2020-07-05,8,13,6,1,0,1
2502,2020-07-03,15,51,6,0,0,1
2521,2020-07-08,15,13,6,1,0,1
2526,2020-07-10,3,13,6,1,0,1
2531,2020-07-05,12,18,6,1,1,0
2537,2020-07-10,8,54,6,0,1,0
2547,2020-07-05,1,41,6,0,0,1
2556,2020-07-10,15,13,6,0,0,1
2558,2020-07-03,7,13,6,1,1,0
2563,2020-07-09,8,24,6,1,0,1
2564,2020-07-09,7,79,6,0,0,1
2573,2020-07-08,18,70,6,1,0,1
2574,2020-07-03,8,13,6,1,0,1
2585,2020-07-03,6,54,6,1,1,0
2589,2020-07-08,22,13,6,0,1,0
2592,2020-07-07,17,13,6,0,1,0
2598,2020-07-03,1,13,6,1,1,0
2600,2020-07-04,3,13,6,1,0,1
2602,2020-07-03,15,68,6,0,0,1
2606,2020-07-09,14,27,6,1,0,1
2610,2020-07-09,11,13,6,1,0,1
2614,2020-07-08,17,13,6,1,1,0
2620,2020-07-04,10,61,6,1,0,1
2625,2020-07-10,16,46,6,0,1,0
2630,2020-07-03,15,114,5,0,0,1
2631,2020-07-03,15,114,5,0,0,1
2637,2020-07-06,3,13,6,1,0,1
2647,2020-07-08,8,72,6,0,1,0
2656,2020-07-04,19,13,6,0,0,1
2660,2020-07-03,15,13,6,0,0,1
2665,2020-07-09,16,13,6,1,0,1
2674,2020-07-07,19,68,6,1,1,0
2675,2020-07-03,7,13,6,1,0,1
2681,2020-07-09,16,75,6,1,1,0
2711,2020-07-09,16,13,6,1,0,1
2720,2020-07-03,15,13,6,0,0,1
2722,2020-07-03,15,13,6,0,1,0
2731,2020-07-05,9,27,6,1,1,0
2732,2020-07-07,0,25,6,1,0,1
2734,2020-07-06,6,13,6,1,1,0
2735,2020-07-03,15,13,6,0,0,1
2744,2020-07-06,10,13,6,1,1,0
2745,2020-07-06,6,13,6,1,1,0
2766,2020-07-03,5,13,6,1,1,0
2771,2020-07-03,15,13,6,0,0,1
2778,2020-07-03,15,13,6,0,0,1
2779,2020-07-03,15,71,6,0,1,0
2789,2020-07-05,13,13,6,1,1,0
2791,2020-07-07,3,13,6,0,0,1
2799,2020-07-04,13,13,6,0,0,1
2813,2020-07-03,9,13,6,1,0,1
2819,2020-07-06,0,105,6,0,0,1
2822,2020-07-05,11,13,6,1,1,0
2826,2020-07-09,12,13,6,1,0,1
2827,2020-07-08,14,13,6,0,0,1
2831,2020-07-04,23,13,6,1,1,0
2847,2020-07-09,1,13,6,0,1,0
2854,2020-07-03,15,46,6,0,1,0
2856,2020-07-03,15,13,6,0,1,0
2863,2020-07-03,14,13,6,1,0,1
2874,2020-07-09,10,72,6,0,0,1
2880,2020-07-05,8,68,6,1,0,1
2895,2020-07-07,18,13,6,1,0,1
2904,2020-07-08,14,13,6,1,1,0
2910,2020-07-03,15,13,6,0,0,1
2915,2020-07-05,11,13,6,0,1,0
2918,2020-07-03,15,13,6,0,1,0
2921,2020-07-09,7,13,6,1,1,0
2925,2020-07-08,21,21,6,1,1,0
2928,2020-07-05,15,42,6,1,0,1
2931,2020-07-09,17,13,6,1,0,1
2938,2020-07-10,14,13,6,0,0,1
2945,2020-07-08,7,94,6,1,0,1
2947,2020-07-08,15,13,6,1,1,0
2948,2020-07-08,19,13,6,0,0,1
2951,2020-07-03,15,13,6,0,1,0
2952,2020-07-08,15,13,6,1,0,1
2958,2020-07-07,9,13,6,1,1,0
2961,2020-07-07,22,13,6,1,1,0
2973,2020-07-07,3,72,6,1,0,1
2976,2020-07-03,15,72,6,0,1,0
2978,2020-07-09,9,13,6,0,0,1
2981,2020-07-08,16,47,6,0,1,0
2984,2020-07-04,3,13,6,0,0,1
2988,2020-07-08,18,13,6,1,0,1
2989,2020-07-03,11,13,6,1,0,1
2994,2020-07-08,22,68,6,1,0,1
2998,2020-07-03,15,13,6,0,1,0
3005,2020-07-03,10,13,6,1,1,0
3015,2020-07-10,4,64,6,1,1,0
3018,2020-07-05,8,68,6,1,0,1
3033,2020-07-04,16,13,6,1,0,1
3036,2020-07-03,15,64,6,0,1,0
3037,2020-07-03,8,13,6,1,1,0
3056,2020-07-05,11,46,6,1,0,1
3067,2020-07-04,6,13,6,1,1,0
3076,2020-07-08,15,13,6,1,0,1
3090,2020-07-05,6,13,6,1,0,1
3097,2020-07-04,14,2,6,1,0,1
3099,2020-07-04,10,13,6,1,1,0
3111,2020-07-06,9,13,6,1,0,1
3113,2020-07-04,9,13,6,1,1,0
3119,2020-07-04,17,13,6,1,0,1
3123,2020-07-04,12,13,6,0,0,1
3131,2020-07-10,12,41,6,1,0,1
3135,2020-07-10,16,13,6,1,0,1
3138,2020-07-07,14,13,6,1,0,1
3139,2020-07-04,11,66,6,0,1,0
3140,2020-07-09,12,13,6,1,1,0
3145,2020-07-09,13,68,6,0,0,1
3149,2020-07-07,8,13,6,0,1,0
3158,2020-07-04,19,13,6,1,0,1
3161,2020-07-03,15,13,6,0,0,1
3166,2020-07-09,20,54,6,1,0,1
3190,2020-07-08,14,51,6,0,0,1
3193,2020-07-09,10,68,6,0,1,0
3197,2020-07-09,11,13,6,1,0,1
3213,2020-07-03,15,13,6,0,1,0
3216,2020-07-03,8,13,6,1,1,0
3237,2020-07-03,12,13,6,1,0,1
3240,2020-07-04,3,114,5,0,1,0
3246,2020-07-03,15,41,6,0,1,0
3250,2020-07-08,14,68,6,0,0,1
3260,2020-07-05,10,72,6,1,1,0
3262,2020-07-03,15,13,6,0,0,1
3271,2020-07-04,14,53,6,0,1,0
3274,2020-07-05,0,13,6,1,0,1
3275,2020-07-09,12,13,6,0,1,0
3280,2020-07-03,10,13,6,1,0,1
3286,2020-07-03,11,13,6,1,0,1
3289,2020-07-03,15,13,6,0,1,0
3290,2020-07-03,15,24,6,0,1,0
3305,2020-07-03,15,13,6,0,0,1
3314,2020-07-03,8,13,6,1,0,1
3330,2020-07-06,5,13,6,0,0,1
3331,2020-07-03,15,13,6,0,0,1
3332,2020-07-09,4,43,6,1,0,1
3334,2020-07-03,15,13,6,0,0,1
3337,2020-07-05,9,86,6,1,1,0
3341,2020-07-04,4,13,6,1,0,1
3369,2020-07-08,18,13,6,1,1,0
3372,2020-07-04,7,71,6,0,0,1
3374,2020-07-10,4,13,6,0,0,1
3383,2020-07-06,10,93,6,1,1,0
3390,2020-07-03,15,23,6,0,0,1
3404,2020-07-08,20,100,6,1,1,0
3412,2020-07-10,15,13,6,1,0,1
3413,2020-07-03,8,13,6,1,0,1
3426,2020-07-04,8,68,6,0,1,0
3433,2020-07-03,15,45,6,0,1,0
3437,2020-07-04,15,72,6,0,1,0
3444,2020-07-03,15,72,6,0,1,0
3445,2020-07-03,15,13,6,0,0,1
3448,2020-07-03,10,47,6,1,0,1
3449,2020-07-06,4,13,6,1,1,0
3473,2020-07-05,5,66,6,1,1,0
3478,2020-07-04,11,26,6,1,1,0
3487,2020-07-04,21,13,6,0,1,0
3490,2020-07-03,9,92,6,1,0,1
3492,2020-07-08,5,13,6,1,1,0
3496,2020-07-03,15,13,6,0,1,0
3499,2020-07-05,18,68,6,0,1,0
3516,2020-07-04,11,13,6,0,1,0
3528,2020-07-07,9,13,6,0,1,0
3532,2020-07-08,18,74,6,0,0,1
3537,2020-07-03,15,13,6,0,1,0
3543,2020-07-10,4,13,6,0,1,0
3545,2020-07-05,11,13,6,1,0,1
3546,2020-07-09,18,71,6,0,1,0
3565,2020-07-05,10,13,6,1,0,1
3571,2020-07-04,6,13,6,0,0,1
3574,2020-07-05,4,73,6,0,1,0
3577,2020-07-03,15,64,6,0,1,0
3581,2020-07-03,15,13,6,0,1,0
3588,2020-07-08,8,13,6,1,0,1
3590,2020-07-06,4,13,6,1,1,0
3594,2020-07-03,15,13,6,0,0,1
3596,2020-07-04,0,108,6,0,1,0
3621,2020-07-04,5,27,6,0,0,1
3630,2020-07-04,2,13,6,0,0,1
3639,2020-07-03,15,13,6,0,0,1
3642,2020-07-09,16,95,6,0,0,1
3644,2020-07-03,15,13,6,0,0,1
3645,2020-07-06,6,76,6,0,1,0
3661,2020-07-03,11,13,6,1,0,1
3665,2020-07-08,20,13,6,0,0,1
3666,2020-07-04,6,5,6,1,1,0
3684,2020-07-08,20,5,6,0,0,1
3697,2020-07-10,17,6,6,0,1,0
3700,2020-07-07,5,13,6,0,0,1
3703,2020-07-08,13,73,6,0,0,1
3712,2020-07-03,15,64,6,0,0,1
3714,2020-07-06,7,13,6,1,0,1
3722,2020-07-10,4,13,6,1,1,0
3730,2020-07-03,13,13,6,1,1,0
3734,2020-07-04,15,13,6,1,0,1
3742,2020-07-09,17,49,6,1,1,0
3747,2020-07-03,15,13,6,0,1,0
3752,2020-07-04,15,13,6,1,0,1
3761,2020-07-09,7,13,6,1,1,0
3763,2020-07-03,15,66,6,0,0,1
3770,2020-07-05,14,23,6,0,1,0
3776,2020-07-06,8,13,6,1,0,1
3777,2020-07-06,7,13,6,1,0,1
3796,2020-07-09,22,13,6,0,1,0
3805,2020-07-04,20,81,6,0,0,1
3808,2020-07-04,8,13,6,1,0,1
3816,2020-07-10,16,13,6,0,0,1
3818,2020-07-06,8,43,6,0,1,0
3825,2020-07-03,15,13,6,0,1,0
3833,2020-07-04,12,27,6,0,0,1
3843,2020-07-05,3,114,5,1,1,0
3845,2020-07-10,8,72,6,0,1,0
3848,2020-07-10,15,66,6,1,0,1
3850,2020-07-06,10,13,6,0,1,0
3852,2020-07-04,3,26,6,1,1,0
3854,2020-07-10,2,13,6,1,0,1
3862,2020-07-09,2,13,6,0,0,1
3877,2020-07-07,22,13,6,1,1,0
3880,2020-07-03,7,13,6,1,1,0
3885,2020-07-05,7,73,6,1,1,0
3886,2020-07-08,19,13,6,1,0,1
3888,2020-07-09,19,42,6,1,0,1
3898,2020-07-08,21,66,6,1,0,1
3900,2020-07-03,0,13,6,1,1,0
3903,2020-07-09,17,13,6,1,1,0
3917,2020-07-03,15,87,6,0,0,1
3920,2020-07-03,3,73,6,1,1,0
3946,2020-07-09,21,73,6,1,0,1
3957,2020-07-06,1,23,6,0,0,1
3961,2020-07-03,13,56,6,1,1,0
3962,2020-07-04,5,13,6,0,1,0
3982,2020-07-07,13,13,6,0,0,1
3986,2020-07-05,7,13,6,1,0,1
3991,2020-07-05,13,66,6,1,0,1
3995,2020-07-05,5,2,6,0,0,1
3996,2020-07-08,12,13,6,1,1,0
4005,2020-07-09,17,13,6,0,1,0
4011,2020-07-06,8,66,6,1,0,1
4012,2020-07-04,9,13,6,0,0,1
4015,2020-07-08,18,13,6,0,0,1
4016,2020-07-08,17,13,6,0,1,0
4028,2020-07-10,13,44,6,1,0,1
4031,2020-07-07,14,68,6,1,0,1
4039,2020-07-09,18,13,6,1,0,1
4048,2020-07-06,5,48,6,1,0,1
4061,2020-07-05,21,13,6,0,0,1
4068,2020-07-08,15,13,6,0,1,0
4069,2020-07-03,15,13,6,0,0,1
4070,2020-07-07,9,13,6,1,1,0
4071,2020-07-03,9,13,6,1,0,1
4081,2020-07-07,0,13,6,0,0,1
4102,2020-07-09,11,33,6,1,0,1
4104,2020-07-08,22,75,6,1,0,1
4109,2020-07-10,15,42,6,0,1,0
4112,2020-07-03,15,50,6,0,0,1
4115,2020-07-05,15,13,6,0,1,0
4124,2020-07-08,13,13,6,1,0,1
4129,2020-07-04,6,34,6,1,0,1
4133,2020-07-10,7,13,6,0,0,1
4142,2020-07-03,15,13,6,0,0,1
4145,2020-07-04,10,69,6,1,1,0
4154,2020-07-09,14,13,6,1,0,1
4156,2020-07-08,19,13,6,0,1,0
4157,2020-07-03,15,13,6,0,1,0
4164,2020-07-05,6,13,6,1,1,0
4166,2020-07-03,15,13,6,0,0,1
4168,2020-07-08,18,43,6,0,1,0
4172,2020-07-06,2,13,6,1,1,0
4207,2020-07-10,14,13,6,1,1,0
4229,2020-07-03,8,62,6,1,1,0
4239,2020-07-09,10,13,6,1,0,1
4241,2020-07-08,16,13,6,1,1,0
4243,2020-07-08,3,13,6,1,0,1
4245,2020-07-08,5,114,5,1,0,1
4250,2020-07-09,12,13,6,1,0,1
4277,2020-07-04,6,68,6,0,1,0
4285,2020-07-06,9,13,6,0,0,1
4294,2020-07-10,0,66,6,0,0,1
4296,2020-07-09,20,13,6,0,1,0
4297,2020-07-10,7,13,6,1,0,1
4303,2020-07-10,7,15,6,1,1,0
4308,2020-07-08,16,64,6,0,1,0
4309,2020-07-03,15,13,6,0,1,0
4338,2020-07-05,16,13,6,1,1,0
4340,2020-07-10,15,13,6,1,1,0
4344,2020-07-06,10,19,6,1,1,0
4345,2020-07-10,1,13,6,1,0,1
4353,2020-07-03,9,0,6,1,1,0
4355,2020-07-10,14,94,6,1,0,1
4360,2020-07-04,14,13,6,1,0,1
4361,2020-07-09,18,81,6,1,1,0
4362,2020-07-04,14,13,6,1,0,1
4363,2020-07-03,15,46,6,0,0,1
4374,2020-07-03,15,93,6,0,0,1
4375,2020-07-09,5,13,6,1,0,1
4393,2020-07-10,1,13,6,1,0,1
4401,2020-07-05,7,13,6,0,1,0
4403,2020-07-05,7,13,6,1,0,1
4405,2020-07-08,15,47,6,0,0,1
4412,2020-07-08,18,13,6,1,0,1
4415,2020-07-04,10,21,6,1,1,0
4449,2020-07-08,20,13,6,1,1,0
4455,2020-07-04,10,13,6,1,0,1
4462,2020-07-08,22,13,6,1,1,0
4463,2020-07-04,9,48,6,1,0,1
4473,2020-07-07,9,61,6,1,0,1
4483,2020-07-09,21,13,6,0,1,0
4487,2020-07-07,4,13,6,1,0,1
4490,2020-07-08,15,24,6,1,1,0
4492,2020-07-09,13,77,6,0,0,1
4494,2020-07-03,15,48,6,0,1,0
4498,2020-07-03,5,13,6,1,1,0
4501,2020-07-03,15,72,6,0,0,1
4510,2020-07-03,10,9,6,1,0,1
4512,2020-07-06,5,13,6,1,0,1
4516,2020-07-05,10,19,6,1,0,1
4529,2020-07-04,11,13,6,0,0,1
4532,2020-07-09,15,13,6,1,1,0
4545,2020-07-10,15,13,6,1,1,0
4551,2020-07-03,15,13,6,0,0,1
4553,2020-07-06,1,13,6,1,0,1
4558,2020-07-03,15,13,6,0,0,1
4565,2020-07-05,4,13,6,1,0,1
4579,2020-07-03,15,13,6,0,0,1
4581,2020-07-08,5,13,6,1,1,0
4582,2020-07-08,14,13,6,1,1,0
4583,2020-07-03,15,68,6,0,0,1
4594,2020-07-03,9,43,6,1,1,0
4598,2020-07-03,15,13,6,0,1,0
4601,2020-07-07,10,22,6,0,0,1
4604,2020-07-08,12,59,6,1,0,1
4608,2020-07-03,15,13,6,0,1,0
4609,2020-07-07,14,13,6,1,1,0
4623,2020-07-09,1,13,6,1,0,1
4637,2020-07-06,4,13,6,1,0,1
4643,2020-07-04,10,1,6,1,0,1
4648,2020-07-10,1,58,6,1,0,1
4655,2020-07-07,4,13,6,0,0,1
4658,2020-07-07,12,13,6,1,1,0
4661,2020-07-08,20,13,6,0,0,1
4673,2020-07-09,4,13,6,0,1,0
4685,2020-07-04,4,13,6,0,0,1
4701,2020-07-10,0,13,6,1,1,0
4706,2020-07-10,14,114,5,0,0,1
4710,2020-07-10,12,13,6,1,0,1
4719,2020-07-08,7,47,6,1,0,1
4726,2020-07-09,14,13,6,0,1,0
4727,2020-07-10,15,68,6,0,1,0
4729,2020-07-09,12,66,6,0,1,0
4732,2020-07-05,7,74,6,0,1,0
4735,2020-07-10,7,13,6,0,0,1
4749,2020-07-04,12,114,5,0,0,1
4765,2020-07-07,21,13,6,1,0,1
4767,2020-07-07,17,50,6,1,0,1
4774,2020-07-03,15,75,6,0,0,1
4775,2020-07-08,19,13,6,1,0,1
4783,2020-07-07,21,42,6,1,1,0
4794,2020-07-03,15,23,6,0,0,1
4800,2020-07-04,6,13,6,1,0,1
4802,2020-07-04,11,66,6,1,1,0
4809,2020-07-04,11,13,6,1,0,1
4811,2020-07-04,22,21,6,0,1,0
4814,2020-07-09,1,83,6,0,1,0
4820,2020-07-09,16,69,6,1,0,1
4830,2020-07-04,14,88,6,1,1,0
4834,2020-07-08,18,26,6,1,1,0
4841,2020-07-07,20,13,6,1,1,0
4843,2020-07-05,2,13,6,0,0,1
4845,2020-07-03,15,13,6,0,0,1
4847,2020-07-05,4,13,6,1,0,1
4848,2020-07-04,19,13,6,1,1,0
4858,2020-07-04,17,13,6,0,1,0
4863,2020-07-10,8,64,6,0,1,0
4865,2020-07-10,7,13,6,1,0,1
4867,2020-07-03,15,68,6,0,0,1
4871,2020-07-06,1,114,5,0,0,1
4878,2020-07-03,15,13,6,0,1,0
4881,2020-07-10,2,13,6,1,0,1
4893,2020-07-03,15,13,6,0,1,0
4897,2020-07-09,1,13,6,0,0,1
4898,2020-07-09,1,20,6,0,1,0
4901,2020-07-07,5,13,6,1,0,1
4912,2020-07-08,17,61,6,1,1,0
4931,2020-07-09,3,13,6,1,0,1
4947,2020-07-07,14,46,6,1,0,1
4954,2020-07-08,18,13,6,1,1,0
4955,2020-07-03,15,68,6,0,0,1
4958,2020-07-08,20,13,6,1,1,0
4975,2020-07-06,4,13,6,0,1,0
4977,2020-07-08,20,13,6,1,0,1
4985,2020-07-05,21,13,6,0,1,0
4988,2020-07-04,15,13,6,1,0,1
4991,2020-07-10,3,102,6,0,0,1
5006,2020-07-06,10,13,6,0,0,1
5010,2020-07-03,15,13,6,0,1,0
5014,2020-07-04,14,69,6,1,1,0
5018,2020-07-07,6,13,6,0,1,0
5037,2020-07-08,19,68,6,1,1,0
5041,2020-07-03,15,13,6,0,1,0
5048,2020-07-08,22,13,6,1,0,1
5051,2020-07-07,6,48,6,1,0,1
5057,2020-07-09,20,2,6,1,0,1
5063,2020-07-04,11,13,6,1,1,0
5069,2020-07-09,23,13,6,1,1,0
5074,2020-07-06,7,13,6,0,0,1
5078,2020-07-05,14,13,6,1,1,0
5099,2020-07-04,11,52,6,0,1,0
5104,2020-07-04,17,13,6,0,0,1
5109,2020-07-03,15,68,6,0,0,1
5118,2020-07-06,6,13,6,1,1,0
5127,2020-07-08,18,13,6,0,0,1
5134,2020-07-08,18,66,6,1,1,0
5138,2020-07-03,15,13,6,0,1,0
5139,2020-07-03,15,21,6,0,0,1
5140,2020-07-03,5,109,6,1,1,0
5143,2020-07-08,18,66,6,1,1,0
5148,2020-07-10,9,13,6,0,1,0
5150,2020-07-09,7,68,6,1,1,0
5152,2020-07-08,19,13,6,1,1,0
5158,2020-07-06,7,27,6,0,1,0
5159,2020-07-05,12,13,6,0,0,1
5164,2020-07-07,1,68,6,1,0,1
5170,2020-07-10,3,13,6,1,1,0
5173,2020-07-04,19,65,6,1,0,1
5176,2020-07-03,15,13,6,0,1,0
5182,2020-07-07,19,13,6,1,1,0
5192,2020-07-05,7,38,6,1,0,1
5193,2020-07-04,5,13,6,1,1,0
5202,2020-07-09,11,87,6,0,0,1
5221,2020-07-10,15,41,6,0,1,0
5245,2020-07-07,11,13,6,1,0,1
5247,2020-07-10,4,19,6,1,0,1
5248,2020-07-09,5,68,6,0,1,0
5253,2020-07-03,15,13,6,0,0,1
5256,2020-07-04,8,13,6,0,1,0
5258,2020-07-04,13,10,6,1,1,0
5268,2020-07-03,15,68,6,0,1,0
5270,2020-07-03,15,47,6,0,0,1
5272,2020-07-03,15,13,6,0,1,0
5274,2020-07-08,4,13,6,1,1,0
5278,2020-07-09,9,114,5,0,1,0
5298,2020-07-03,15,64,6,0,0,1
5314,2020-07-03,11,13,6,1,1,0
5320,2020-07-09,18,13,6,1,0,1
5322,2020-07-10,11,13,6,0,0,1
5324,2020-07-10,4,13,6,1,1,0
5333,2020-07-03,12,13,6,1,0,1
5334,2020-07-09,17,69,6,1,1,0
5340,2020-07-10,5,36,6,0,1,0
5351,2020-07-05,7,13,6,1,0,1
5354,2020-07-03,15,13,6,0,0,1
5355,2020-07-10,7,66,6,0,0,1
5360,2020-07-09,22,53,6,1,1,0
5362,2020-07-07,21,13,6,0,0,1
5363,2020-07-05,5,13,6,0,1,0
5365,2020-07-05,14,13,6,1,1,0
5373,2020-07-10,0,73,6,1,1,0
5384,2020-07-03,15,114,5,0,0,1
5393,2020-07-08,16,13,6,1,1,0
5403,2020-07-08,21,66,6,1,1,0
5404,2020-07-03,14,65,6,1,0,1
5407,2020-07-08,15,13,6,1,1,0
5409,2020-07-09,6,13,6,1,0,1
5410,2020-07-08,17,13,6,0,0,1
5413,2020-07-04,12,44,6,1,0,1
5418,2020-07-09,9,42,6,0,1,0
5421,2020-07-08,19,42,6,0,1,0
5441,2020-07-09,12,13,6,1,0,1
5456,2020-07-03,15,13,6,0,1,0
5472,2020-07-07,9,13,6,1,0,1
5478,2020-07-08,17,13,6,1,0,1
5484,2020-07-09,11,13,6,1,1,0
5488,2020-07-04,13,13,6,1,0,1
5491,2020-07-07,21,13,6,0,1,0
5492,2020-07-10,12,21,6,0,1,0
5502,2020-07-08,21,13,6,1,0,1
5507,2020-07-10,5,13,6,1,0,1
5518,2020-07-08,17,13,6,1,0,1
5519,2020-07-05,16,67,6,0,1,0
5522,2020-07-08,16,13,6,1,1,0
5525,2020-07-08,5,35,6,1,0,1
5531,2020-07-03,15,47,6,0,1,0
5533,2020-07-08,7,13,6,1,1,0
5536,2020-07-10,13,13,6,0,0,1
5543,2020-07-04,12,13,6,1,0,1
5544,2020-07-07,6,13,6,1,1,0
5547,2020-07-05,5,13,6,1,1,0
5550,2020-07-03,3,68,6,1,0,1
5556,2020-07-06,10,66,6,1,0,1
5557,2020-07-03,15,7,6,0,0,1
5561,2020-07-04,7,30,6,1,1,0
5562,2020-07-04,6,66,6,1,0,1
5564,2020-07-03,15,60,6,0,0,1
5574,2020-07-09,17,47,6,1,0,1
5579,2020-07-06,4,13,6,0,0,1
5588,2020-07-03,2,13,6,1,1,0
5608,2020-07-09,11,43,6,0,1,0
5614,2020-07-08,15,13,6,1,1,0
5616,2020-07-08,22,72,6,0,0,1
5618,2020-07-03,11,48,6,1,0,1
5624,2020-07-04,13,13,6,1,1,0
5626,2020-07-07,12,13,6,1,0,1
5639,2020-07-03,2,13,6,1,1,0
5642,2020-07-08,20,13,6,1,1,0
5644,2020-07-03,15,13,6,0,0,1
5647,2020-07-09,21,13,6,1,0,1
5648,2020-07-03,15,13,6,0,1,0
5658,2020-07-09,3,13,6,1,1,0
5662,2020-07-03,7,98,6,1,1,0
5665,2020-07-06,0,36,6,0,1,0
5668,2020-07-03,15,69,6,0,0,1
5670,2020-07-08,20,13,6,1,1,0
5684,2020-07-03,15,42,6,0,1,0
5691,2020-07-07,8,81,6,0,0,1
5692,2020-07-09,18,13,6,0,0,1
5696,2020-07-03,15,13,6,0,0,1
5705,2020-07-08,14,43,6,0,0,1
5725,2020-07-03,13,13,6,1,1,0
5731,2020-07-08,19,13,6,1,0,1
5734,2020-07-07,14,13,6,0,0,1
5738,2020-07-05,12,68,6,1,1,0
5740,2020-07-10,6,13,6,1,1,0
5741,2020-07-03,15,13,6,0,0,1
5750,2020-07-09,13,37,6,1,1,0
5764,2020-07-04,9,65,6,0,0,1
5771,2020-07-05,18,13,6,1,1,0
5786,2020-07-07,2,72,6,1,0,1
5803,2020-07-10,0,68,6,0,0,1
5809,2020-07-08,14,68,6,1,1,0
5813,2020-07-09,10,13,6,1,0,1
5814,2020-07-08,18,87,6,1,0,1
5817,2020-07-08,0,13,6,1,0,1
5821,2020-07-08,13,13,6,0,1,0
5828,2020-07-03,15,13,6,0,0,1
5830,2020-07-07,1,97,6,1,1,0
5831,2020-07-03,12,48,6,1,0,1
5841,2020-07-03,15,13,6,0,0,1
5844,2020-07-04,11,21,6,0,1,0
5854,2020-07-10,2,13,6,1,1,0
5858,2020-07-08,15,38,6,1,0,1
5866,2020-07-10,0,13,6,1,0,1
5869,2020-07-07,13,13,6,0,1,0
5872,2020-07-09,0,48,6,0,1,0
5878,2020-07-09,12,13,6,0,0,1
5895,2020-07-04,17,13,6,1,0,1
5897,2020-07-03,6,13,6,1,1,0
5908,2020-07-08,11,93,6,0,0,1
5916,2020-07-04,6,41,6,1,0,1
5918,2020-07-05,4,13,6,1,0,1
5925,2020-07-08,5,13,6,1,0,1
5929,2020-07-03,15,47,6,0,0,1
5933,2020-07-05,3,13,6,0,1,0
5938,2020-07-10,0,43,6,1,1,0
5939,2020-07-08,16,13,6,1,1,0
5944,2020-07-09,8,13,6,1,1,0
5966,2020-07-03,15,13,6,0,1,0
5968,2020-07-03,15,13,6,0,0,1
5978,2020-07-03,15,78,6,0,0,1
5983,2020-07-05,15,13,6,1,1,0
5988,2020-07-06,9,13,6,1,1,0
5993,2020-07-09,6,13,6,0,0,1
5995,2020-07-04,17,73,6,1,1,0
6000,2020-07-03,15,13,6,0,1,0
6002,2020-07-04,1,13,6,0,0,1
6004,2020-07-03,15,62,6,0,0,1
6007,2020-07-08,19,13,6,1,1,0
6009,2020-07-04,20,13,6,0,1,0
6012,2020-07-09,13,13,6,1,0,1
6023,2020-07-08,22,13,6,1,0,1
6025,2020-07-09,9,13,6,1,0,1
6033,2020-07-10,15,13,6,1,0,1
6036,2020-07-08,16,43,6,1,0,1
6040,2020-07-03,15,13,6,0,0,1
6042,2020-07-06,4,13,6,1,1,0
6049,2020-07-04,6,69,6,1,1,0
6053,2020-07-09,9,43,6,0,1,0
6056,2020-07-07,10,13,6,1,1,0
6057,2020-07-04,11,13,6,0,1,0
6058,2020-07-09,20,13,6,1,1,0
6070,2020-07-03,12,31,6,1,1,0
6072,2020-07-04,2,1,6,1,1,0
6075,2020-07-08,20,13,6,1,1,0
6077,2020-07-03,10,71,6,1,1,0
6088,2020-07-04,10,3,6,0,0,1
6093,2020-07-03,8,60,6,1,1,0
6095,2020-07-04,12,13,6,0,0,1
6113,2020-07-03,15,13,6,0,0,1
6116,2020-07-04,7,13,6,1,1,0
6119,2020-07-08,19,13,6,0,0,1
6135,2020-07-03,15,54,6,0,1,0
6138,2020-07-07,19,13,6,0,1,0
6158,2020-07-03,15,42,6,0,0,1
6163,2020-07-09,17,13,6,0,0,1
6171,2020-07-03,15,13,6,0,0,1
6186,2020-07-09,9,13,6,1,1,0
6203,2020-07-03,15,114,5,0,0,1
6209,2020-07-04,8,86,6,1,1,0
6215,2020-07-03,15,13,6,0,0,1
6220,2020-07-10,3,13,6,0,0,1
6224,2020-07-03,15,13,6,0,1,0
6225,2020-07-03,15,13,6,0,0,1
6231,2020-07-08,16,13,6,0,1,0
6238,2020-07-03,3,13,6,1,0,1
6241,2020-07-09,5,68,6,0,1,0
6250,2020-07-07,13,13,6,1,1,0
6257,2020-07-09,9,25,6,1,0,1
6269,2020-07-10,9,13,6,1,1,0
6289,2020-07-08,20,79,6,1,1,0
6290,2020-07-10,3,13,6,1,0,1
6293,2020-07-05,12,77,6,0,0,1
6297,2020-07-07,10,64,6,0,1,0
6298,2020-07-05,18,13,6,0,0,1
6307,2020-07-05,12,13,6,1,1,0
6310,2020-07-08,22,13,6,1,0,1
6316,2020-07-09,8,13,6,0,0,1
6320,2020-07-05,10,68,6,0,0,1
6334,2020-07-04,13,52,6,0,0,1
6335,2020-07-05,4,13,6,0,0,1
6339,2020-07-08,5,13,6,0,0,1
6344,2020-07-03,7,13,6,1,1,0
6354,2020-07-06,10,13,6,0,1,0
6404,2020-07-08,21,13,6,0,1,0
6410,2020-07-04,11,114,5,0,0,1
6413,2020-07-09,19,68,6,0,1,0
6416,2020-07-07,9,13,6,1,1,0
6418,2020-07-09,21,68,6,1,1,0
6419,2020-07-10,1,33,6,0,1,0
6429,2020-07-04,13,13,6,0,0,1
6431,2020-07-08,16,69,6,1,1,0
6436,2020-07-03,9,13,6,1,0,1
6439,2020-07-06,6,13,6,1,1,0
6448,2020-07-06,5,81,6,1,0,1
6474,2020-07-09,19,13,6,0,0,1
6490,2020-07-07,5,26,6,0,0,1
6493,2020-07-05,8,65,6,0,0,1
6494,2020-07-10,6,13,6,1,0,1
6497,2020-07-03,13,13,6,1,1,0
6499,2020-07-04,3,13,6,1,0,1
6530,2020-07-03,15,64,6,0,1,0
6541,2020-07-10,9,68,6,1,0,1
6542,2020-07-03,15,73,6,0,0,1
6549,2020-07-08,20,13,6,0,1,0
6550,2020-07-08,23,104,6,0,1,0
6552,2020-07-03,15,13,6,0,0,1
6568,2020-07-03,15,13,6,0,0,1
6575,2020-07-10,11,13,6,1,0,1
6591,2020-07-04,20,13,6,1,1,0
6598,2020-07-03,15,13,6,0,0,1
6621,2020-07-08,3,51,6,0,0,1
6629,2020-07-10,6,66,6,0,0,1
6640,2020-07-08,15,13,6,0,0,1
6651,2020-07-03,15,13,6,0,0,1
6654,2020-07-05,9,13,6,0,1,0
6656,2020-07-10,10,26,6,1,0,1
6658,2020-07-09,0,16,6,1,1,0
6661,2020-07-09,21,13,6,1,0,1
6668,2020-07-05,17,13,6,0,0,1
6669,2020-07-06,7,66,6,1,1,0
6670,2020-07-04,7,13,6,1,0,1
6671,2020-07-09,0,45,6,1,1,0
6675,2020-07-03,15,13,6,0,0,1
6677,2020-07-09,12,13,6,0,1,0
6682,2020-07-03,15,52,6,0,1,0
6696,2020-07-05,6,13,6,1,1,0
6700,2020-07-09,18,13,6,1,1,0
6711,2020-07-03,0,13,6,1,1,0
6743,2020-07-09,20,13,6,1,1,0
6749,2020-07-08,20,48,6,1,1,0
6752,2020-07-05,16,13,6,0,1,0
6761,2020-07-04,9,13,6,0,1,0
6762,2020-07-08,15,34,6,1,0,1
6767,2020-07-04,10,13,6,1,0,1
6773,2020-07-07,9,13,6,0,1,0
6777,2020-07-09,4,13,6,0,0,1
6779,2020-07-06,9,54,6,0,0,1
6782,2020-07-03,15,68,6,0,0,1
6813,2020-07-03,15,47,6,0,0,1
6821,2020-07-03,15,91,6,0,0,1
6822,2020-07-03,15,13,6,0,0,1
6824,2020-07-03,15,13,6,0,1,0
6833,2020-07-03,14,13,6,1,1,0
6836,2020-07-06,4,62,6,1,1,0
6851,2020-07-03,13,28,6,1,1,0
6855,2020-07-07,10,13,6,0,0,1
6859,2020-07-06,10,13,6,1,0,1
6863,2020-07-04,7,11,6,1,1,0
6865,2020-07-08,16,13,6,1,0,1
6871,2020-07-09,11,13,6,1,0,1
6874,2020-07-09,22,13,6,1,0,1
6881,2020-07-05,18,86,6,1,1,0
6894,2020-07-05,1,66,6,0,0,1
6899,2020-07-04,9,86,6,0,0,1
6904,2020-07-03,15,46,6,0,0,1
6905,2020-07-09,2,114,5,1,0,1
6906,2020-07-03,15,13,6,0,1,0
6907,2020-07-07,21,36,6,1,1,0
6919,2020-07-03,1,52,6,1,1,0
6923,2020-07-06,3,13,6,1,1,0
6926,2020-07-05,14,43,6,1,1,0
6927,2020-07-03,15,65,6,0,1,0
6942,2020-07-09,16,13,6,0,1,0
6944,2020-07-04,20,13,6,0,0,1
6946,2020-07-07,7,13,6,1,1,0
6951,2020-07-04,15,66,6,0,0,1
6954,2020-07-07,8,13,6,1,0,1
6961,2020-07-07,13,53,6,1,1,0
6967,2020-07-04,11,53,6,1,0,1
6971,2020-07-03,15,107,6,0,0,1
6973,2020-07-04,12,1,6,0,0,1
6974,2020-07-08,18,13,6,1,1,0
6984,2020-07-03,8,13,6,1,1,0
6987,2020-07-08,10,13,6,0,1,0
6988,2020-07-09,20,72,6,0,0,1
7005,2020-07-04,20,13,6,1,1,0
7025,2020-07-06,9,13,6,1,1,0
7026,2020-07-10,4,44,6,1,0,1
7033,2020-07-04,11,13,6,0,1,0
7042,2020-07-03,15,13,6,0,1,0
7054,2020-07-04,4,13,6,0,1,0
7059,2020-07-09,17,63,6,1,0,1
7069,2020-07-08,21,8,6,0,1,0
7076,2020-07-07,7,26,6,0,0,1
7089,2020-07-04,20,106,6,0,0,1
7090,2020-07-03,15,13,6,0,1,0
7092,2020-07-09,18,13,6,1,0,1
7095,2020-07-09,5,114,5,0,1,0
7107,2020-07-03,15,52,6,0,0,1
7116,2020-07-03,7,62,6,1,0,1
7117,2020-07-08,21,13,6,0,1,0
7123,2020-07-04,16,13,6,0,1,0
7124,2020-07-10,5,13,6,0,0,1
7125,2020-07-05,14,21,6,1,1,0
7127,2020-07-09,10,67,6,1,1,0
7133,2020-07-08,21,13,6,0,1,0
7150,2020-07-10,6,13,6,0,1,0
7151,2020-07-03,15,77,6,0,1,0
7152,2020-07-05,5,13,6,0,0,1
7156,2020-07-04,18,13,6,1,1,0
7157,2020-07-08,7,97,6,1,1,0
7159,2020-07-08,15,43,6,1,0,1
7163,2020-07-08,13,43,6,1,0,1
7165,2020-07-08,19,13,6,1,0,1
7166,2020-07-08,19,68,6,0,0,1
7169,2020-07-03,15,13,6,0,0,1
7192,2020-07-03,15,43,6,0,0,1
7204,2020-07-09,9,32,6,0,1,0
7209,2020-07-05,8,13,6,1,0,1
7210,2020-07-08,18,22,6,1,0,1
7215,2020-07-07,7,13,6,0,1,0
7216,2020-07-04,11,71,6,0,1,0
7217,2020-07-04,14,13,6,0,0,1
7226,2020-07-03,15,13,6,0,0,1
7227,2020-07-09,8,71,6,1,1,0
7229,2020-07-03,15,13,6,0,0,1
7231,2020-07-08,7,13,6,1,1,0
7234,2020-07-03,15,13,6,0,0,1
7236,2020-07-09,23,13,6,1,1,0
7237,2020-07-03,10,84,6,1,1,0
7243,2020-07-09,20,13,6,1,1,0
7255,2020-07-03,15,13,6,0,1,0
7267,2020-07-10,3,80,6,0,0,1
7274,2020-07-09,14,72,6,0,0,1
7284,2020-07-05,19,48,6,1,1,0
7285,2020-07-10,5,69,6,1,1,0
7286,2020-07-04,15,13,6,1,0,1
7293,2020-07-06,5,13,6,1,0,1
7314,2020-07-06,7,31,6,1,0,1
7316,2020-07-04,12,68,6,1,0,1
7321,2020-07-09,6,13,6,1,0,1
7322,2020-07-10,8,13,6,1,1,0
7334,2020-07-03,15,13,6,0,0,1
7336,2020-07-06,6,13,6,1,0,1
7342,2020-07-09,21,13,6,0,0,1
7343,2020-07-03,11,13,6,1,0,1
7348,2020-07-07,9,65,6,0,1,0
7355,2020-07-05,5,13,6,0,0,1
7359,2020-07-08,8,57,6,1,0,1
7366,2020-07-03,15,13,6,0,0,1
7375,2020-07-03,7,13,6,1,1,0
7411,2020-07-10,14,101,6,0,0,1
7421,2020-07-06,8,37,6,1,1,0
7430,2020-07-06,8,13,6,0,1,0
7436,2020-07-03,1,13,6,1,0,1
7437,2020-07-06,9,73,6,1,0,1
7444,2020-07-06,1,87,6,0,0,1
7451,2020-07-05,3,66,6,1,0,1
7465,2020-07-04,11,114,5,0,1,0
7470,2020-07-05,9,13,6,1,0,1
7475,2020-07-03,15,76,6,0,1,0
7479,2020-07-03,13,13,6,1,0,1
7483,2020-07-03,15,13,6,0,0,1
7485,2020-07-06,2,26,6,1,1,0
7489,2020-07-03,15,69,6,0,1,0
7510,2020-07-08,14,13,6,0,0,1
7522,2020-07-10,4,94,6,1,1,0
7535,2020-07-05,3,13,6,1,1,0
7541,2020-07-03,15,23,6,0,1,0
7542,2020-07-09,21,13,6,1,1,0
7546,2020-07-10,4,13,6,1,1,0
7549,2020-07-03,12,13,6,1,0,1
7557,2020-07-04,8,13,6,1,0,1
7562,2020-07-07,7,47,6,0,0,1
7565,2020-07-03,4,13,6,1,0,1
7566,2020-07-08,21,13,6,0,1,0
7584,2020-07-07,22,13,6,1,0,1
7594,2020-07-09,17,13,6,1,1,0
7596,2020-07-09,8,35,6,1,0,1
7608,2020-07-03,15,81,6,0,1,0
7610,2020-07-09,9,13,6,1,1,0
7622,2020-07-09,3,89,6,1,0,1
7626,2020-07-03,15,12,6,0,1,0
7627,2020-07-08,15,11,6,0,1,0
7634,2020-07-07,13,43,6,1,1,0
7637,2020-07-06,5,105,6,1,0,1
7646,2020-07-09,20,33,6,0,0,1
7650,2020-07-04,13,99,6,1,1,0
7654,2020-07-09,21,13,6,1,1,0
7657,2020-07-03,15,35,6,0,1,0
7670,2020-07-03,15,13,6,0,1,0
7675,2020-07-04,2,72,6,0,1,0
7681,2020-07-03,15,64,6,0,1,0
7684,2020-07-04,6,13,6,1,0,1
7689,2020-07-03,7,13,6,1,0,1
7692,2020-07-07,20,71,6,1,1,0
7698,2020-07-03,15,13,6,0,0,1
7699,2020-07-09,8,13,6,1,1,0
7703,2020-07-03,15,13,6,0,0,1
7718,2020-07-03,15,81,6,0,0,1
7723,2020-07-09,13,13,6,1,1,0
7730,2020-07-03,15,13,6,0,0,1
7732,2020-07-08,15,13,6,1,0,1
7734,2020-07-08,20,13,6,0,0,1
7735,2020-07-03,15,51,6,0,0,1
7742,2020-07-10,3,13,6,1,0,1
7745,2020-07-08,4,86,6,1,1,0
7755,2020-07-03,9,13,6,1,0,1
7762,2020-07-05,19,72,6,0,0,1
7768,2020-07-08,14,13,6,1,0,1
7782,2020-07-09,17,73,6,1,1,0
7792,2020-07-04,1,13,6,1,1,0
7793,2020-07-04,7,64,6,0,0,1
7797,2020-07-03,8,86,6,1,1,0
7799,2020-07-03,15,95,6,0,1,0
7803,2020-07-03,2,42,6,1,1,0
7807,2020-07-10,5,68,6,1,0,1
7808,2020-07-06,3,42,6,0,1,0
7809,2020-07-05,13,66,6,1,1,0
7821,2020-07-10,4,55,6,0,1,0
7827,2020-07-06,4,13,6,1,1,0
7828,2020-07-03,15,65,6,0,1,0
7837,2020-07-03,5,13,6,1,0,1
7839,2020-07-03,15,13,6,0,0,1
7845,2020-07-03,15,13,6,0,1,0
7851,2020-07-08,9,96,6,0,0,1
7852,2020-07-03,0,13,6,1,0,1
7856,2020-07-07,17,114,5,0,0,1
7861,2020-07-03,15,13,6,0,0,1
7874,2020-07-09,14,13,6,1,0,1
7877,2020-07-07,1,13,6,0,0,1
7885,2020-07-05,10,66,6,1,1,0
7886,2020-07-07,16,13,6,0,0,1
7889,2020-07-08,19,13,6,1,0,1
7890,2020-07-06,5,13,6,0,1,0
7898,2020-07-10,8,13,6,1,0,1
7901,2020-07-10,8,44,6,1,0,1
7902,2020-07-05,3,13,6,1,0,1
7906,2020-07-03,15,13,6,0,1,0
7915,2020-07-04,2,64,6,0,0,1
7918,2020-07-04,13,104,6,1,1,0
7919,2020-07-10,6,13,6,1,0,1
7925,2020-07-03,15,13,6,0,1,0
7937,2020-07-09,8,33,6,0,0,1
7938,2020-07-03,11,13,6,1,0,1
7940,2020-07-03,15,13,6,0,1,0
7944,2020-07-10,10,112,6,0,1,0
7962,2020-07-04,6,13,6,1,1,0
7969,2020-07-03,15,81,6,0,1,0
7975,2020-07-10,12,51,6,0,0,1
7977,2020-07-03,15,13,6,0,1,0
7990,2020-07-05,3,13,6,0,0,1
7991,2020-07-03,15,13,6,0,0,1
8003,2020-07-05,4,2,6,0,0,1
8004,2020-07-03,15,73,6,0,1,0
8010,2020-07-04,4,13,6,0,0,1
8016,2020-07-08,17,69,6,1,0,1
8021,2020-07-09,4,13,6,1,1,0
8031,2020-07-10,1,13,6,0,1,0
8042,2020-07-09,14,13,6,1,1,0
8054,2020-07-10,8,72,6,1,1,0
8058,2020-07-09,18,13,6,1,0,1
8059,2020-07-05,21,13,6,1,1,0
8063,2020-07-04,1,13,6,1,1,0
8064,2020-07-09,7,13,6,0,0,1
8069,2020-07-10,16,13,6,0,0,1
8071,2020-07-03,4,13,6,1,0,1
